maas-butcesini-en-dusuk-aya-gore-kurmak|Maaş bütçesi en düşük net aya göre nasıl kurulur?|budget|100000,60000|Sabit brüt ücrette bütçeyi yalnız Ocak netine göre kurmak, daha düşük net aylarda açık yaratabilir. Her ayın netinden aynı zorunlu gideri çıkarın.|Kira ve taksitler vergi diliminiz değiştiğinde azalmaz. Sabit giderli örnek yalnız bordro hareketini gösterir; fiyat artışları ayrıca modellenmelidir.|En dar ayın farkını bulun ve değişken harcamaları bu aya göre sınayın.
kira-artisi-maas-butcesi|Kira artışı maaş bütçesinde nasıl sınanır?|budget|85000,52000|Yeni kira tutarını tek bir maaş gününe değil, bütün net ödemelere karşı sınayın. Gider sonrası kalan para her ay aynı olmayabilir.|Gider varsayımı kira dahil toplam zorunlu harcamadır; önerilen kira oranı değildir. Depozito ve taşınma gibi tek seferlik ihtiyaçlar ayrı değerlendirilir.|Eski ve yeni kira sonrası toplam giderle iki ayrı hesap yapın.
kredi-taksiti-degisken-net-maas|Değişken net maaşla sabit taksit nasıl bütçelenir?|budget|120000,75000|Sabit taksit için ortalama netten önce en düşük net ayı görün. Gider sonrası negatif fark varsa o ay için ayrıca nakit planı gerekir.|Tablo kredi uygunluğu değerlendirmesi değildir. Faiz ve vade hesabı yapmaz; verdiğiniz giderin maaş akışıyla uyumunu gösterir.|Taksit dışındaki zorunlu giderleri de hesaba ekleyin.
yillik-ortalama-net-butce|Yıllık ortalama net maaş bütçe için yeterli mi?|budget|150000,85000|Ortalama net yıllık karşılaştırmada yararlıdır; ödeme takvimini tek başına açıklamaz. Aynı ortalamaya sahip bütçeler farklı aylarda sıkışabilir.|Vergi matrahı ve istisna değişimi aylık net dağılımını etkiler. Gider sabitken oluşan farklar, ortalamanın sakladığı dalgalanmayı gösterir.|Ortalama ile birlikte en düşük ayı ve yıllık gider sonrası farkı kaydedin.
maas-artmadan-gider-artisi|Maaş artmadan gider yükselirse ne yapılır?|budget|75000,48000|Brüt aynı kaldığında bile aylık net değişebilir. Yeni gider düzeyinin bütün aylarda karşılanıp karşılanmadığını kontrol edin.|Bu stres testi yeni giderin tam yıl sürdüğünü varsayar. Yıl ortası gider artışı veya tek seferlik ödeme aynı takvime sahip değildir.|Eski ve yeni gideri ayrı senaryolar olarak karşılaştırın.
ikramiyesiz-temel-butce|İkramiyeyi saymadan maaş bütçesi nasıl kurulur?|budget|110000,65000|Koşulu belirsiz ikramiyeyi zorunlu gider bütçesinin temeline koymayın. Önce yalnız sabit ücretle oluşan net akışını inceleyin.|Bonusun ödeme tarihi ve hak edişi farklı belirsizliklerdir. Primsiz örnek, sabit maaşın tek başına hangi gideri taşıdığını gösterir.|Bonus gelmese de ödenecek harcamaları primsiz netle karşılaştırın.
maas-aylik-tasarruf-alani|Maaştan kalan birikim alanı nasıl hesaplanır?|budget|90000,45000|Netten gider çıkınca kalan tutar teorik birikim alanıdır. Bu fark garanti tasarruf veya yatırım getirisi değildir.|Düzensiz bakım, sağlık ve yıllık abonelikler eksikse kalan alan yüksek görünür. Bunların ödeme tarihleri ayrıca düşünülmelidir.|Zorunlu giderden sonra düzensiz ödemeler için ayırdığınız payı da çıkarın.
maas-dusus-ayina-hazirlik|Net maaşın düştüğü aya nasıl hazırlanılır?|budget|130000,75000|Düşüşü yalnız önceki ayla değil, gider sonrası kalan tutarla değerlendirin. Vergi geçişi herkes için aynı ayda olmaz.|Brüt ve devreden matrah ilk düşüş ayını değiştirir. Başkasının bordro takvimini kendi bütçenize kopyalamayın.|En dar ayı belirleyip o aydaki yıllık ödemeleri ayrıca planlayın.
iki-maas-arasi-harcama-plani|İki maaş günü arasında harcama nasıl planlanır?|budget|70000,40000|Aylık net ödeme günleri arasındaki nakit ihtiyacını tek başına göstermez. Aylık gider sonrası fark ilk kontroldür.|Maaşın ay başında veya sonunda yatması aynı yıllık geliri farklı nakit akışına dönüştürür. Tablo ödeme gününü modellemez.|Maaş tahsil gününü faturaların son tarihleriyle eşleştirin.
yillik-odemeler-maas-butcesi|Yıllık giderler aylık bütçeye nasıl eklenir?|budget|140000,80000|Yıllık gideri on ikiye bölmek pay ayırmayı kolaylaştırır; ödeme gününde yeterli nakit olacağını garanti etmez.|Sigorta gibi toplu ödemeleri yalnız aylık ortalamada eritmek ilk dönemdeki ihtiyacı gizleyebilir. Gerçek ödeme tarihi önemlidir.|Aylık ayrılan payı ve ödeme günündeki birikmiş tutarı ayrı kontrol edin.
sabit-net-maas-brut-maliyeti|Sabit net maaşın brütü neden değişir?|net|70000|Sabit net garanti ediliyorsa aynı net için gereken brüt aylar arasında değişebilir. Tek katsayı bütün yılı açıklamaz.|Her ayın brütü ayrı çözülür. Son ayın brütünü on ikiyle çarpmak yıllık brüt toplamını vermez.|Net garanti ile ilk ay net tahminini yazılı teklifte ayırın.
net-teklif-ocak-brutu|Net teklifin Ocak brütü neden yeterli değildir?|net|85000|Ocak brütü düşük kümülatif matrahla hesaplanır. Aynı netin sonraki aylardaki brüt karşılığını göstermeyebilir.|İşveren bütçesi ile çalışanın geliri farklı ölçülerdir. Net ücret korunurken gerekli brütün seyri değişir.|Ocak sonucu yanında on iki aylık brüt diziyi isteyin.
net-ucret-garantisi-yazili-teklif|Net ücret garantisi teklifte nasıl kontrol edilir?|net|95000|Teklifte bir net rakam görmek, her ay o tutarın garanti edildiğini göstermeyebilir. Brüt, net hedef ve varsayımları ayırın.|Tablo matematiksel sabit net örneğidir; sözleşmenin hukuki yorumu değildir. Ücret tanımı ve ek ödemeler yazılı açıklanmalıdır.|İK’dan örnek bordro ve ücret tanımını isteyin.
sabit-nette-vergi-dilimi|Sabit net maaşta vergi dilimi neyi değiştirir?|net|120000|Sabit net hedefinde vergi değişse de hedef korunur; değişen unsur gereken brüttür. Vergi etkisi ortadan kalkmaz.|Buradaki brüt artışı zam değildir; aynı neti korur. Satın alma gücü için gider değişimini ayrıca inceleyin.|Brüt artışını net ücret artışıyla karıştırmadan önce iki neti karşılaştırın.
net-maas-yillik-toplam|Sabit net maaşın yıllık toplamı nasıl bulunur?|net|60000|On iki tam ay aynı net ödeniyorsa toplam, hedefin on iki katıdır. Eksik ay veya ayrı prim varsa kısa hesap yetmez.|Model tam çalışma ayları kullanır. İşe giriş, ücretsiz izin veya farklı ödeme sıklığı bu örnekte yoktur.|Çarpmadan önce fiilî ödeme aylarını doğrulayın.
netten-brute-yuvarlama|Netten brüte hesapta kuruş farkı neden olur?|net|77777|Kuruş yuvarlamaları tek katsayılı sonuçla bordro sonucunu ayırabilir. Aynı yuvarlama kuralıyla karşılaştırın.|Ekrandaki tam lira gösterimi ara işlemlerin de tam liraya yuvarlandığı anlamına gelmez. Motor aylık hedefi kuruşla çözer.|Brüt ve kesintileri aynı hassasiyette inceleyin.
yuksek-net-teklif-brut-seyri|Yüksek net teklifin brüt seyri nasıl okunur?|net|200000|Yüksek net hedefinde brüt, vergi dilimleri ve prim tavanı nedeniyle tek oranla bulunamaz. Aylık çözüm gerekir.|SGK tavanı ile gelir vergisi sınırı aynı değildir. Birinin uygulanması diğer hesabın durduğu anlamına gelmez.|Aylık brütü ve çalışan varsayımını birlikte inceleyin.
net-maas-ek-odeme-ayrimi|Net maaş ile ayrı prim nasıl ayrılır?|net|105000|Net hedefin temel maaşı mı, ek ödemeler dahil toplamı mı tanımladığını netleştirin. İki tanım farklı hesap gerektirir.|Tabloda prim yoktur. Brüt primi doğrudan hedef nete eklemek yerine ödeme ayını yeniden hesaplayın.|Temel ücret ve primin brüt/net tanımını ayrı yazın.
net-maas-calisan-statusu|Net maaş hesabında çalışan statüsü neden önemlidir?|net|80000|Standart çalışan brütü, emekli veya indirimli bordroya doğrudan eşit olmayabilir. Aynı net farklı brüt gerektirebilir.|Bu örnek emekli bordrosu değildir. Farklı statüyü yalnız ücret tutarını değiştirerek taklit etmeyin.|Hesaplayıcıdaki özel durum ayarlarını doğrulayın.
net-teklif-brut-teklif-karsilastirma|Net teklif ile brüt teklif nasıl karşılaştırılır?|net|90000|Net ve brüt teklifleri ham rakamla sıralamayın. Aynı takvimde yıllık nete dönüştürün.|Brüt teklifin Ocak neti sabit net hedefle eşleşse bile sonraki aylar farklı olabilir. Bu tablo net hedefin gerekli brütlerini gösterir.|Brüt teklifin yıllık netini ve en düşük ayını ayrıca hesaplayın.
zam-ocakta-baslarsa|Ocak zammı yıllık net geliri nasıl değiştirir?|raise|80000,20,0|Ocak zammı on iki ayı etkiler; brüt artış yüzdesi net artış yüzdesiyle aynı olmayabilir.|Daha yüksek brüt matrahı hızlandırabilir. İlk ay farkını çarpmak yerine iki tam bordro dizisini karşılaştırın.|Zamlı ve zamsız yıllık neti birlikte isteyin.
zam-temmuzda-baslarsa|Temmuz zammı yıllık kazancı nasıl değiştirir?|raise|100000,25,6|Temmuz zammı yalnız son altı ayın ücretini değiştirir. Aylık brüt farkı on ikiyle çarpmayın.|İlk yarı iki senaryoda aynıdır. İkinci yarıda geçmiş matrah devam eder; sıfır matrahlı yeni yıl hesabı aynı şey değildir.|Temmuz–Aralık farklarıyla yıllık toplamı birlikte okuyun.
eylul-zammi-yil-sonu|Eylül zammının yıl sonuna kadarki değeri nedir?|raise|90000,30,8|Eylül başlangıcı dört zamlı ay bırakır. Tam yıllık artış ile bu yıl tahsil edilecek farkı ayırın.|Teklifteki yıllıklaştırılmış paket bu yılın kazancından yüksek olabilir. Başlangıç tarihi temel girdidir.|Başlangıç ayı dahil zamlı bordro sayısını doğrulayın.
yuzde-zam-net-artis|Yüzde 20 brüt zam neden yüzde 20 net değildir?|raise|120000,20,0|Brütteki artışın nete aynı yüzdeyle yansıması gerekmez. Kesintiler ve istisnalar birlikte hesaplanmalıdır.|Aynı zam oranı farklı ücret düzeylerinde farklı net üretir. Başkasının bordro oranını kendi ücretinize taşımayın.|Zam oranından sonra yıllık net farkı kontrol edin.
terfi-zammi-yil-ortasi|Yıl ortası terfi zammı nasıl değerlendirilir?|raise|110000,35,5|Terfi ücretini yürürlük tarihinden itibaren değerlendirin. Sorumluluğun başladığı tarih ücret tarihinden farklı olabilir.|Örnek Haziran değişimidir; terfi bonusu veya geçmiş farkı içermez. Tek seferlik ödeme ayrıca modellenir.|Unvan, görev ve ücret başlangıç tarihlerini eşleştirin.
zam-bir-ay-gecikirse|Zam bir ay gecikirse net kayıp nasıl ölçülür?|raise|100000,20,7|Gecikmeyi ölçmek için aynı zammı iki başlangıç ayıyla hesaplayın. Kayıp yalnız aylık brüt fark değildir.|Ağustos örneği Temmuz başlangıcıyla karşılaştırılabilir. Matrah nedeniyle net fark sabit yüzde olmayabilir.|Yalnız başlangıç ayını değiştirip diğer girdileri koruyun.
yil-sonu-zammi-tam-yil|Aralık zammı tam yıllık artış gibi okunur mu?|raise|95000,40,11|Aralık zammı bu yıl yalnız bir ödemeyi etkiler. Gelecek yıl için aynı tarifeyle kesin sonuç çıkarmayın.|Gelecek yılın parametreleri değişebilir. Bu hesap yalnız 2026 Aralık farkıdır, gelecek yıl bordro tahmini değildir.|Bu yılki farkı gelecek yılın ücret koşullarından ayırın.
zam-dilim-gecisini-one-ceker-mi|Zam vergi geçişini öne çeker mi?|raise|75000,30,2|Brüt artış matrahı hızlandırıp üst dilime daha erken geçiş yaratabilir. Hangi ay olduğu hesaplanmalıdır.|Üst dilim zammın tamamının kaybolması değildir. Aynı ayın zamlı ve zamsız net farkı önemlidir.|Oran etiketinden önce iki net arasındaki farkı okuyun.
zam-bordro-ilk-ay|İlk zamlı bordro bütün yılı temsil eder mi?|raise|160000,15,3|İlk zamlı bordro sonraki ayların net farkını garanti etmez. Yıllık matrah seyri dikkate alınmalıdır.|Nisan örneğinde ilk üç ay eski ücretle geçer. İlk zamlı ayın vergi konumu yıl sonundan farklı olabilir.|İlk ay yanında yıl sonuna kadar net projeksiyon isteyin.
zamdan-sonra-ek-gider|Zam sonrası yeni gider nasıl sınanır?|raise|85000,25,4|Yeni sabit gideri brüt zamma değil, aylık net farklarına göre değerlendirin. Ortalama altında kalan ayları da görün.|Örnek belirli gider önermez; gelir artış alanını gösterir. Bir defalık farkı sürekli gelir saymayın.|Yeni gideri her ayın net artışıyla karşılaştırın.
prim-ocak-vergi-takvimi|Ocak primi vergi takvimini nasıl değiştirir?|bonus|100000,50000,0|Yıl başı primi matrahı erken büyütür. Ödeme ayı net katkısını sonraki aylardaki farktan ayırın.|Ocak netinin yüksek olması primin sonraki bordroları etkilemediği anlamına gelmez. Çalışan koşulları iki senaryoda aynı kalmalıdır.|Ödeme ayı ve sonraki aylar katkısını ayrı gösterin.
mart-performans-primi|Mart performans primi nete nasıl yansır?|bonus|85000,40000,2|Mart priminin net katkısı aynı ayın primsiz neti çıkarılarak bulunur. Brütün tamamı ek net değildir.|Performans dönemi ile ödeme ayı farklıdır. Bu örnek yalnız Mart ödeme varsayımı kullanır; hak ediş yorumu yapmaz.|Prim ayını ve brüt tanımını bordroda doğrulayın.
nisan-prim-mayis-net|Nisan primi Mayıs netini nasıl etkiler?|bonus|100000,50000,3|Nisan primi sonraki ayın vergi dağılımını değiştirebilir. Etkiyi primsiz Mayıs bordrosuyla karşılaştırın.|Mayısın Nisandan düşük olması tek başına ek vergi değildir; Nisan prim içerir. Doğru karşılaştırma aynı ayın iki senaryosudur.|Mayısı prim verilmemiş Mayısla karşılaştırın.
yaz-primi-net-katki|Yaz primi tatil bütçesine ne kadar katkı sağlar?|bonus|90000,30000,5|Tatil bütçesine brüt primi değil, ödeme ayındaki ek neti yazın. Sonraki bordroları ayrıca izleyin.|Örnek Haziran ödemesidir. Harcama önceyse prim henüz tahsil edilmemiştir; açıklanan prim mevcut bakiye değildir.|Bütçeyi duyuru tarihine değil ödeme tarihine bağlayın.
eylul-prim-okul-butcesi|Eylül primiyle yıllık gider nasıl eşleştirilir?|bonus|120000,60000,8|Yıllık giderle primin ödeme ayındaki ek netini eşleştirin. Brüt prim tutarını doğrudan kullanmayın.|Prim koşulluysa gider kesin, gelir belirsiz olabilir. Hesap primin ödendiğini varsayar; gerçekleşme ihtimalini hesaplamaz.|Gider son tarihiyle prim ödeme tarihini karşılaştırın.
aralik-ikramiye-yillik-net|Aralık ikramiyesi yıllık nete nasıl eklenir?|bonus|150000,100000,11|Aralıkta aynı yıl içinde sonraki maaş ayı kalmaz. Yıllık fark ödeme ayı farkına eşittir; prim vergisiz değildir.|Örnek prim tavanı altında kalır. Daha büyük ödemelerde devir ve tavan koşulları ayrıca incelenmelidir.|Aralık primsiz netini primli netten çıkarın.
kucuk-prim-dilim-etkisi|Küçük prim vergi dilimini değiştirebilir mi?|bonus|75000,10000,2|Küçük prim, eşik yakınsa vergi dağılımını etkileyebilir. Sonuç yalnız prim büyüklüğüne bağlı değildir.|Vergi matrahı ile brüt farklıdır. Brüt primin tamamını matraha doğrudan eklemeden çalışan primlerini de düşünün.|Önceki matrah ve primli yeni matrahı birlikte inceleyin.
yuksek-prim-brut-net|Yüksek prim için tek kesinti oranı yeterli mi?|bonus|180000,100000,4|Yüksek primin netini tek yüzdeyle tahmin etmek ay içi dilim geçişini kaçırabilir. Bordro iki kez hesaplanmalıdır.|Toplam brüt tavan altında seçilmiştir. Daha yüksek prim başka kuralları devreye sokabilir; buradaki oran genellenemez.|Primsiz ve primli aynı ayı karşılaştırın.
satis-primi-temel-maas|Satış primi temel maaştan nasıl ayrılır?|bonus|70000,45000,6|Temel maaşı sabit tutup yalnız prim ayına ek ödeme girin. Temel brüte prim eklemek sonraki ayları yanlış yükseltebilir.|Örnek Temmuzda tek ödemedir; düzenli komisyon modeli değildir. Aylık komisyon varsa her aya ayrı giriş gerekir.|Sabit ücret, komisyon ve tek primi ayrı kaydedin.
basari-odulu-prim-butcesi|Nakit başarı ödülü bütçeye nasıl eklenir?|bonus|110000,25000,9|Ücret niteliğinde brüt ödülün bütçe katkısı hesaplanan ek nettir. Ödülün adı net tutarı belirlemez.|Örnek genel ek brüt bordrosudur. Özel istisnalı veya farklı hukuki nitelikteki ödüllere otomatik uygulanmaz.|Ödülün bordro sınıfını ve brüt/net tanımını öğrenin.
nisanda-is-teklifine-gecmek|Nisan iş teklifinin bu yılki kazancı nedir?|offer|90000,110000,3|Teklifi mevcut ücretin sürmesiyle aynı takvimde karşılaştırın. İlk üç ay iki senaryoda aynıdır.|Matrahın devam ettiği varsayılır. Gerçek işveren değişikliğinde uygulama doğrulanmalıdır; yıllık beyan hesabı yapılmaz.|Başlangıç ayını sabitleyip net farkı okuyun.
temmuz-teklif-ilk-alti-ay|Temmuz teklifinde geçmiş aylar neden önemlidir?|offer|100000,130000,6|Geçmiş matrah yeni dönemin netini etkileyebilir. Yeni ücreti Ocaktan başlamış gibi hesaplamak başka senaryodur.|İlk yarıda eski ücret korunur, sonra matrah devam eder. Sıfırlanan matrah varsayımı kullanılmaz.|Başlangıç alanını yanlışlıkla Ocak bırakmadığınızı kontrol edin.
eylul-is-teklifi-kalan-yil|Eylül teklifi kalan yıl için nasıl karşılaştırılır?|offer|120000,145000,8|Eylül teklifinin bu yılki farkı dört aylık yeni ücrete dayanır. Yıllıklaştırılmış paket aynı tutar değildir.|Teklif sunumu tam yıl değeri kullanabilir. Bu yıl tahsil edilecek nakit ile tam yıl değerini ayrı gösterin.|İki seçenek için aynı tarih aralığını kullanın.
daha-yuksek-brut-daha-iyi-teklif|Daha yüksek brüt teklif tek başına yeterli mi?|offer|150000,170000,0|Brüt artış net kazancı açıklamaz. Yıllık net farkın yanında yan haklar ve iş koşulları ayrı değerlendirilir.|On iki aylık iki brüt ücret karşılaştırılır. Daha yüksek gelir bütün iş koşullarının daha iyi olduğu sonucu değildir.|Net farktan sonra yol ve çalışma koşullarını ayrıca karşılaştırın.
maas-teklifi-kucuk-fark|Yakın iki maaş teklifi nasıl karşılaştırılır?|offer|100000,105000,6|Küçük brüt farkta yıllık net fark daha açıklayıcıdır. Yalnız yuvarlanmış maaş rakamlarını karşılaştırmayın.|Yol gideri veya kaybedilen hak küçük artışı dengeleyebilir. Tablo yalnız maaşı hesaplar, diğer kalemleri gizlice toplamaz.|Net farkı aynı dönem gider farkıyla karşılaştırın.
terfi-teklifi-baska-sirket|İç terfi ve dış teklif nasıl karşılaştırılır?|offer|130000,160000,4|İki seçeneği aynı ücret türü ve dönemde karşılaştırın. Brüt terfiyi dış teklifin ilk ay netiyle kıyaslamayın.|Mayısta yeni ücret örneği kullanılır. Matrah, bonus hak edişi ve şirket değişikliği koşulları ayrıca kontrol edilir.|İki yürürlük tarihini ve garanti ücret tanımını yazılı alın.
yil-sonu-is-degisikligi-teklifi|Yıl sonu teklifinde hangi gelir karşılaştırılır?|offer|110000,140000,10|Kasım teklifi bu yıl iki yeni ücret ödemesi getirir. Gelecek yıl için bu hesapla kesin net çıkarılamaz.|Kaybedilen bonus maaş farkından büyük olabilir. Bu hesap bonus içermediği için bonusu ayrı senaryo olarak tutun.|Bu yılki fark, bonus hakkı ve gelecek yıl koşullarını ayırın.
teklif-baslangici-ertelenirse|Teklifin başlangıcı ertelenirse ne değişir?|offer|85000,115000,7|Gecikme yeni ücretle alınacak ayı azaltır. Net etki yalnız bir aylık brüt fark değildir.|Ağustos örneği daha erken başlangıçla karşılaştırılabilir. İşsiz ara dönem varsa eski maaşın sürdüğü varsayımı uygun olmaz.|Ara dönem gelirini ve kesin başlangıç tarihini doğrulayın.
teklif-yillik-net-fark-ortalama|Teklifte yıllık fark ve aylık fark nasıl ayrılır?|offer|140000,180000,6|Yıllık farkı on ikiye bölmek takvim ortalamasıdır; aktif aylara bölmek farklı ortalamadır.|Temmuz örneğinde altı ay değişmez. Takvim ortalamasını yeni işte her ay alınacak artış gibi sunmayın.|Ortalamanın paydasını sonuç etiketinde belirtin.
ucret-dususu-is-teklifi|Daha düşük ücretli teklif nasıl okunur?|offer|120000,110000,6|Düşük teklifin etkisini eksi net fark olarak gösterin. Olumsuz farkı yuvarlayıp görünmez kılmayın.|Daha az çalışma kişisel değer taşıyabilir ama maaş kaybını matematiksel olarak sıfırlamaz. Önce gelir farkını ölçün.|Gelir ve parasal olmayan koşulları ayrı değerlendirin.
yemek-hakki-teklif-karsilastirma|Yemek hakkı teklif değerine nasıl eklenir?|benefit|100000,110000,6,1000|Yemek hakkının kullanım değerini nakit maaştan ayrı gösterin. Kullanılamayan kısmı maaş saymayın.|Aylık bin lira fark örnektir, vergi istisnası değildir. Fiilî gün veya kullanım koşulu varsa tutar düzeltilmelidir.|Net maaş ve kullanılabilir yemek farkını iki satıra ayırın.
ulasim-destegi-teklif|Ulaşım desteği ve yol gideri nasıl karşılaştırılır?|benefit|90000,105000,6,1500|Desteğin değeri azalttığı gerçek giderle ilişkilidir. Nominal destek ve cebinizden çıkan tutarı ayırın.|Yeni iş uzaktaysa destek ek maliyeti karşılamayabilir. Örnek yol süresi veya fiyat araştırması içermez.|İki işte fiilî gideri hesaplayıp destekten ayrı gösterin.
saglik-sigortasi-teklif-degeri|Sağlık sigortası teklif değerinde nasıl gösterilir?|benefit|120000,125000,0,2000|Sigortayı doğrudan nakit maaş saymayın. Kapsam ve ihtiyaç üzerinden ayrı kullanım değeri olarak gösterin.|Örnekteki değer poliçe fiyatı veya sağlık önerisi değildir. Muafiyet ve bekleme süresi değeri değiştirebilir.|Kapsam farkını belgeden okuyup maaşın yanında ayrı değerlendirin.
evden-calisma-gider-farki|Evden çalışmada gider farkı nasıl ölçülür?|benefit|100000,100000,6,2500|Aynı maaşlı işler farklı gider yaratabilir. Gider azalmasını bordro net artışı diye adlandırmayın.|Ücret aynı, kullanım farkı varsayımsaldır. Elektrik ve ekipman artıyorsa yalnız yol tasarrufuna bakmayın.|Azalan ve artan giderleri ayrı toplayın.
bes-katkisi-nakit-maas|BES katkısı neden nakit maaştan ayrı tutulur?|benefit|110000,120000,6,1500|BES hak edişi ve kullanımı nakit maaştan farklıdır. Anında kullanılamayan hakla nakit açığı kapanmış sayılmaz.|Örnek getiri, devlet katkısı veya hak kazanma hesabı değildir. Planın ayrılma koşulları ayrıca okunmalıdır.|Nakit farkı önce, BES katkısını koşullarıyla sonra gösterin.
telefon-internet-yan-hak|Telefon ve internet desteğinin değeri nedir?|benefit|80000,85000,0,750|Destek gerçek gideri azaltıyorsa kullanım değeri yaratır. Fatura limiti nominal tutarın tamamını kullanmayı engelleyebilir.|Bu bir vergi uygulaması tarifi değildir. Nakit destek ve hizmet farklı bordro sonuçları doğurabilir.|Kullanacağınız kısmı girin, kullanılmayan bütçeyi gelir saymayın.
esnek-paket-kullanilmayan-hak|Kullanılmayan yan hak pakete eklenir mi?|benefit|95000,100000,6,0|Kullanmayacağınız hakkın katalog fiyatını kişisel gelir saymayın. Örnekte kullanım farkı sıfırdır.|Şirket maliyeti ile çalışanın değeri farklıdır. Sıfır varsayımı hakkın herkes için değersiz olduğunu söylemez.|Gerçekten kullanacağınız bölümü her hak için ayrı belirleyin.
yan-hak-baslangic-ayi|Yan hak başlangıç ayı değeri nasıl değiştirir?|benefit|105000,115000,8,2000|Yıl ortası hakkını on iki ayla çarpmayın. Geçerli olduğu ay sayısını dikkate alın.|Eylül örneği dört aylık farktır. Bekleme süresi varsa hak maaştan daha geç başlayabilir.|Maaş ve yan hak başlangıçlarını ayrı doğrulayın.
servis-yerine-nakit-teklif|Servis yerine nakit teklif nasıl okunur?|benefit|90000,95000,6,-1000|Servisi kaybedip maaş artışı almak kişisel toplamda aynı artışı yaratmayabilir. Kaybolan kullanım değerini eksi yazın.|Eksi bin lira varsayımsal değer kaybıdır; piyasa fiyatı değildir. Gerçek alternatif kişiye göre değişir.|Kaybedilen hizmetin yerine yapacağınız gideri belirleyin.
yan-hak-nakde-cevrilmiyorsa|Nakde çevrilemeyen hak bütçeyi nasıl etkiler?|benefit|130000,135000,6,3000|Nakde çevrilemeyen hakkı kira ödeyecek para saymayın. Nakit gelir ve toplam kişisel değer farklı sonuçlardır.|Paket toplamının artması banka bakiyesinin aynı miktarda artması değildir. Yüksek yan haklı tekliflerde bu ayrım önemlidir.|Nakit zorunlu ödemeleri yalnız nakit gelirle sınayın.
vergi-dilimi-ay-ici-gecis|Aynı ayda iki vergi oranı ne demektir?|tax|100000|Eşik aşılınca matrah bölümleri farklı oranlarla vergilenebilir. Son oran bütün maaşa uygulanmış demek değildir.|Ok işareti birden fazla oranı gösterir. Brütün tamamını en yüksek oranla çarpmak primleri ve istisnaları atlar.|Oran listesini matrahla birlikte okuyun.
kumulatif-matrah-brut-farki|Kümülatif matrah ve toplam brüt neden farklıdır?|tax|85000|Kümülatif gelir vergisi matrahı brütlerin basit toplamı değildir. Kesinti ve indirimler hesaba girer.|Standart çalışan primleri sonrası matrah izlenir. Başka indirim veya önceki matrah aynı brütte farklı sonuç yaratabilir.|Brüt toplamını değil matrah sütununu eşikle karşılaştırın.
net-maas-yaz-ayinda-artarsa|Net maaş yaz aylarında neden yeniden artabilir?|tax|100000|Sabit brütte netin her ay düşmesi gerekmez. Asgari ücret istisnası değişimi aynı vergi oranında neti artırabilir.|Net artınca brüt zam olduğunu varsaymayın. Brüt sabitse değişen kesinti ve istisna kalemlerine bakın.|İki ayın brüt, oran ve istisnasını karşılaştırın.
ilk-ay-yuksek-maas-vergi|İlk ayda üst vergi dilimi görülebilir mi?|tax|300000|Yüksek matrah bir eşiği ilk ayda aşabilir. Geçişin mutlaka yıl ortasında olacağı varsayımı yanlıştır.|Standart çalışan ve yüksek sabit ücret örneğidir. Ocakta birden fazla oran bordronun hatalı olduğu anlamına gelmez.|Ay içi ve aylar arası geçişi ayırın.
sgk-tavani-gelir-vergisi|SGK tavanı gelir vergisini de durdurur mu?|tax|320000|Prim tavanı ile vergi tarifesi farklı kurallardır. Prim matrahı sınırlansa da gelir vergisi devam edebilir.|Yalnız sabit ücret örneğidir; tavan üstü tek primin devri değildir. İki konuyu aynı sonuçtan genellemeyin.|Prim matrahını gelir vergisi matrahından ayrı okuyun.
aylik-net-dusus-zam-yok|Zam yokken net maaş neden değişir?|tax|95000|Brüt sabitken matrah ve istisna nedeniyle net değişebilir. Net farkın tek nedeni brüt değildir.|Avans, eksik gün ve özel kesinti örnekte yoktur. Gerçek bordro farkında önce bu kalemleri kontrol edin.|Brüt aynıysa primleri ve vergileri ay ay karşılaştırın.
aralik-net-en-dusuk-mu|Aralık her zaman en düşük net ayı mıdır?|tax|110000|En düşük ayı varsaymak yerine on iki sonuçtan bulun. İstisna nedeniyle daha erken ay düşük kalabilir.|Aralığı otomatik en kötü bütçe ayı saymak yanıltıcı olabilir. Minimumu doğrudan hesap dizisinden almak gerekir.|Minimum tutarı ve ona karşılık gelen ayları kaydedin.
vergi-orani-net-kesinti-orani|Vergi dilimi toplam kesinti oranı mıdır?|tax|150000|Gelir vergisi oranı toplam brüt-net kesinti yüzdesi değildir. Primler, damga vergisi ve istisna ayrıca etkiler.|Aynı vergi oranında istisna farkı farklı net yaratabilir. Etkin kesinti ve marjinal oran ayrı etiketlenmelidir.|Brüt eksi neti vergi dilimiyle aynı ölçü saymayın.
vergi-dilimi-karsilastirma-ay|Vergi geçiş ayı çalışanlar arasında neden değişir?|tax|180000|Geçiş maaş, ek ödeme ve devreden matrahla değişir. Aynı şirkette olmak aynı takvim demek değildir.|Örnek tek ücret düzeyidir. Başkasının prim ve matrahını bilmeden kendi geçiş ayınızı çıkaramazsınız.|Ücret, prim takvimi ve başlangıç matrahını birlikte kontrol edin.
bordro-yillik-net-toplama|Yıllık net aylık tablodan nasıl doğrulanır?|tax|125000|Yıllık net için aylık netleri toplayın. Yuvarlanmış ortalamayı on ikiyle çarpmak kuruş farkı yaratabilir.|Ortalama sunum için yuvarlanır; yıllık toplamın dayanağı aylık kayıttır. Kuruş farkını mevzuat farkı sanmayın.|Aynı hassasiyette aylık satırlardan toplamı doğrulayın.
prim-ocak-aralik-zamanlama|Prim Ocak veya Aralıkta ödenirse ne değişir?|timing|100000,50000,0,11|Ödeme ayı nakit dağılımını değiştirir. Yıllık katkıyla prim ayının ek netini ayrı karşılaştırın.|Aynı toplam brüt bazen aynı yıllık neti verir; nakit akışı yine farklıdır. Tavan ve koşullar değişirse sonuç değişebilir.|Ödeme ayı katkısını yıllık toplamdan ayrı okuyun.
prim-mart-haziran-zamanlama|Mart ve Haziran primi nasıl karşılaştırılır?|timing|85000,40000,2,5|Erken prim matrah etkisini de erken başlatabilir. Yalnız ödeme ayındaki büyük nete bakmayın.|Tek değişen ödeme ayıdır; maaş ve prim aynı kalır. Böylece zamanlama ücret değişikliğinden ayrılır.|Tarihi değiştirirken diğer girdileri sabit tutun.
prim-zamanlama-sabit-ucret|Prim tarihinde hangi değişken sabit kalmalı?|timing|120000,60000,3,8|Ücret de değişiyorsa zamanlama ve zam etkisi karışır. Önce sabit maaş altında tarihi değiştirin.|Örnek zam içermez. Gerçek iki tarih arasında zam varsa ücret dizisi yeniden hesaplanmalıdır.|Ücret ve prim tarihi için ayrı senaryo kurun.
prim-tatil-oncesi-sonrasi|Tatil öncesi ve sonrası primin farkı nedir?|timing|90000,30000,4,7|Yıllık katkı yakın olsa da harcamadan önce tahsilat bütçeyi farklı etkiler. Tarih kararın parçasıdır.|Model faiz veya paranın zaman değerini hesaplamaz. Erken tahsilat yararını bordro netinden ayırın.|Henüz alınmamış geliri mevcut bakiye saymayın.
prim-iki-farkli-ceyrek|Farklı çeyreklerde prim nasıl karşılaştırılır?|timing|150000,80000,2,8|Aynı primi farklı çeyreklerde hesaplayıp ay katkısını yıllık farktan ayırın. Sonuç matrah akışına bağlıdır.|Çeyrek etiketi bordro ayının yerine geçmez. Mart ve Eylül seçilir; döneme yayılmış komisyon yoktur.|Prim planındaki gerçek bordro ayını öğrenin.
prim-odemesi-bir-ay-kayarsa|Prim bir ay kayarsa net değişir mi?|timing|100000,50000,3,4|Eşiğe yakınken bir ay kayma ödeme ayı katkısını değiştirebilir. Aynı varsayımlarla iki hesap yapın.|Nisan ve Mayıs alternatiflerdir; iki ayda da prim alınmış gibi toplanmaz.|Alternatifleri etiketleyin, yıllık primi iki kez saymayın.
prim-haziran-eylul-farki|Haziran ve Eylül primi aynı neti verir mi?|timing|110000,45000,5,8|Eşitlik oran tahminiyle değil iki bordro hesabıyla kontrol edilir. Bazı ücretlerde sonuç eşit olabilir.|Örnekler tavan altında tutulur. Başka prim veya tavan aşımı eklendiğinde kapsam değişir.|Aylık ve yıllık katkıyı birlikte kaydedin.
yil-basi-prim-butce-avantaji|Yıl başı priminin bütçe avantajı nedir?|timing|75000,30000,0,6|Erken tahsilat ve yüksek yıllık net aynı şey değildir. Ocak ile Temmuzda iki avantajı ayırın.|Hesap enflasyon veya getiri varsaymaz. Paranın kullanım değerini eklemek ayrı bir varsayım olmalıdır.|Bordro sonucu ve tahsil tarihi yararını farklı sütuna yazın.
prim-yil-sonuna-ertelenirse|Prim yıl sonuna ertelenirse ne değişir?|timing|130000,60000,5,11|Aynı yıl içi erteleme hesaplanabilir; gelecek yıla kayma başka parametreler gerektirir.|Haziran-Aralık örneği gelecek Ocak için kesin net üretmez. Ay değişimi ile vergi yılı değişimi aynı değildir.|Ödemenin ay mı yıl mı değiştirdiğini belirleyin.
prim-odeme-plani-karsilastirma|Prim ödeme planı teklifte nasıl karşılaştırılır?|timing|160000,90000,1,9|Aynı nominal prim farklı tarihlerde farklı nakit akışı yaratır. Takvimi paket toplamından ayrı okuyun.|Şubat ve Ekimde ödemenin garanti olduğu varsayılır. Hak ediş ve ayrılma koşulları hesaplanmaz.|Kazanılma ve ödeme koşullarını yazılı netleştirin.
tek-prim-iki-taksit|Tek prim ve iki taksit nasıl karşılaştırılır?|split|100000,60000,2,8|Aynı toplam primi tek veya iki eşit ödemede hesaplayın. Yalnız dağılım değişsin.|Yıllık net eşit olsa bile aylık akış farklıdır. Eşit olmayan taksit veya tavan aşımı ayrı örnek gerektirir.|Toplam brütü sabit tutup tarihleri yazın.
alti-aylik-prim-bolunurse|Altı aylık prim bölünürse ne olur?|split|90000,40000,5,11|Toplam brüt değişmeden iki ödeme aylık akışı değiştirebilir. Yıllık ve aylık sonuç ayrı okunur.|Haziran ve Aralık eşit taksitlerdir; aylık düzenli prim değildir. Koşullar farklıysa planlar bordro dışında da farklıdır.|İki planda toplam primin eşitliğini kontrol edin.
yillik-bonus-iki-odeme|Yıllık bonus iki ödemede nasıl izlenir?|split|150000,100000,3,9|Her parçanın bordrodaki katkısını ayrı hesaplayın. Net toplam brüt taksit toplamı değildir.|Nisan ve Ekim aynı vergi yılındadır. Bir bölüm gelecek yıla kalırsa bu örnek geçerli olmaz.|Ödemelerin vergi yılını doğrulayın.
prim-taksiti-butce-dengesi|Prim taksitleri bütçeyi dengeler mi?|split|80000,30000,2,8|Taksitler nakit akışını dağıtabilir; gider takviminize uygunluğu ayrıca kontrol edilir.|Gider ilk taksitten önceyse dengeli dağılım o ödemeyi karşılamaz. Yıllık toplam yeterli bilgi değildir.|Primleri yüksek gider aylarıyla eşleştirin.
satis-bonusu-toplu-parcali|Satış bonusu toplu mu parçalı mı okunmalı?|split|110000,80000,4,10|Toplam brütü eşitleyip dağılım etkisini ölçün. Her taksidin neti kendi matrahıyla oluşur.|Mayıs-Kasım örneği hak ediş koşullarını karşılaştırmaz. Parçalı plandaki yeni şartlar ayrı değerlendirilir.|Önce hak ediş eşitliğini doğrulayın.
prim-taksiti-yil-sonu|İkinci prim taksiti Aralıkta ise nasıl planlanır?|split|120000,70000,5,11|Aralık taksidini yaz aylarında kullanılabilir gelir saymayın. Tarihi paket değerinden ayırın.|İki ödeme aynı yılda modellenir. İkinci taksidin koşullu olması ayrı belirsizliktir.|Temel gideri henüz alınmamış takside bağımlı kurmayın.
prim-bolunmesi-vergi-tasarrufu|Primi bölmek mutlaka vergi tasarrufu mu sağlar?|split|100000,50000,0,6|Bölünme otomatik yüksek yıllık net demek değildir. Aynı toplam ve koşullarda sonuçlar eşit olabilir.|Ödeme ayı farkını yıllık tasarruf saymayın. Tek örnek genel vergi planı yerine geçmez.|Yalnız ilk takside değil yıllık nete bakın.
prim-parcalari-esit-net-mi|Eşit brüt taksit eşit net mi olur?|split|95000,50000,1,7|Eşit brüt taksitler farklı aylarda farklı net katkı verebilir. Brütü ikiye bölmek neti eşitlemez.|İki eşit brüt parça kullanılır. Aylık farklar taksit etkisini temel maaştan ayırır.|Her taksidin kendi ayındaki ek netini gösterin.
performans-primi-iki-donem|İki dönem performans primi bütçeye nasıl girer?|split|140000,100000,2,8|Beklenen primleri garanti gelir saymayın. Bordro etkisiyle ödeme koşullarını ayırın.|Tablo iki ödemenin de yapıldığını varsayar. İkinci hedef belirsizse yalnız ilk ödeme senaryosu da gerekir.|Garanti ve koşullu primleri etiketleyin.
prim-taksit-takvim-kontrolu|Prim takviminde hangi toplamlar eşleşmeli?|split|170000,100000,3,9|Toplam brüt taksit toplamına; yıllık ek net aylık farkların toplamına eşit olmalıdır.|Ortalama gösterimi yuvarlanabilir. Temel kontrol kaydı aylık bordro dizisidir.|Brüt ve net toplamlarını ayrı doğrulayın.
zam-alim-gucu-senaryosu|Zam alım gücünü koruyor mu, nasıl sınanır?|purchasing|100000,20,0,60000,25|Brüt zam ve gider artışını doğrudan kıyaslamayın. Önce neti hesaplayıp kişisel gider varsayımını uygulayın.|Gider yüzdesi resmî enflasyon veya tahmin değildir. Kişisel stres testi girdisidir.|Gelir ve gider artışını ayrı varsayımlar olarak girin.
yil-ortasi-zam-gider-artisi|Yıl ortası zam ve yıl başı gider artışı nasıl okunur?|purchasing|90000,25,6,50000,20|Gider önce, zam sonra başlıyorsa eşit yüzdeler eşit bütçe etkisi yaratmaz. Tarihler önemlidir.|Yeni gider on iki ay, zam altı ay uygulanır. Bütün yılı zamlı saymak açığı gizler.|İki değişimin başlangıç aylarını ayrı kaydedin.
kira-agirlikli-butce-zam|Kira ağırlıklı bütçede zam nasıl değerlendirilir?|purchasing|85000,30,0,50000,35|Genel zam oranından önce gider sonrası nete bakın. Varsayımı kendi harcama bileşiminize göre oluşturun.|Toplam gider artışı kira fiyatı tahmini değildir. Farklı giderlerin aynı oranda artması gerekmez.|Gider bileşenlerini ayrı hesaplayıp toplamı bulun.
yuksek-zam-dusuk-butce-farki|Yüksek zam neden küçük bütçe farkı yaratır?|purchasing|120000,30,0,70000,40|Kesintiler ve gider artışı brüt zammın kullanılabilir farkını küçültebilir. Ölçü gider sonrası alandır.|Bu durum zammın değersiz olduğu anlamına gelmez; gelir ve gider birlikte değişmektedir.|Zamlı neti yeni giderle de sınayın.
zam-gecikmesi-alim-gucu|Geciken zam gider baskısını nasıl değiştirir?|purchasing|110000,25,8,65000,20|Zam Eylülde başlarsa ilk sekiz ay eski gelir kullanılır. Yıllık sonuç gecikmeyi içermelidir.|Model borç veya birikim hareketlerini hesaplamaz. Negatif alanın finansmanı ayrı nakit planıdır.|Yıl sonu maaşı yanında zam öncesi ayları inceleyin.
sabit-brut-gider-stresi|Sabit brütte gider stres testi nasıl yapılır?|purchasing|95000,0,0,50000,15|Zam sıfırken gider artışını denemek mevcut ücretin dayanıklılığını gösterir. Beklenen zam garanti sayılmaz.|Stres testi ekonomik tahmin değildir; olumsuz varsayımda daralan ayları görünür kılar.|İyimser zammı ayrı, kesin ücreti temel senaryoda kullanın.
zam-sonrasi-birikim-hedefi|Zam sonrası birikim hedefi nasıl güncellenir?|purchasing|130000,20,3,70000,10|Birikimi brüt zam kadar artırmadan önce netten yeni giderleri çıkarın. Her aylık fark düzenli birikim olmayabilir.|Düzensiz harcamalar eksikse alan yüksek görünür. Nisan zammı tam yıl zam gibi hesaplanmaz.|Önce gider bütçesini güncelleyin, sonra pay belirleyin.
teklif-gider-artisi-tasinma|Yeni ücret ve yaşam gideri nasıl birlikte okunur?|purchasing|100000,35,6,55000,30|Yeni gelir kazancını artan yaşam giderinden ayrı değerlendirmeyin. Aynı dönem kullanılmalıdır.|Şehir fiyatı tahmini yapılmaz. Gider artışı varsayımdır; tek seferlik taşınma ayrıca tutulur.|Taşınma giderini aylık artıştan ayırın.
zam-orani-hedef-gider|Hedef zam bütçe açığını kapatıyor mu?|purchasing|75000,25,0,45000,20|Hedef oran net bordro ve gider sonrası farkla sınanır. Brüt yüzde tek başına cevap değildir.|Bu piyasa ücret araştırması veya pazarlık önerisi değildir. Kendi girdilerinizin sonucudur.|Oranı değiştirirken gider varsayımını sabit tutun.
uc-senaryolu-maas-butcesi|İyimser ve temkinli maaş bütçesi nasıl ayrılır?|purchasing|150000,15,6,85000,20|Zam ve gider varsayımlarını farklı senaryolarda tutun. Temkinli sonuç kesin gelecek tahmini değildir.|Sayfa seçili örneği gösterir. Farklı senaryoların ortalaması kendiliğinden beklenen gelir olmaz.|Varsayımları sonucun hemen yanında açık yazın.
